Restaurant,Cuisine,Budget,Aesthetics,Type,Diet,Rating,pic,url
The Eatery,Cafe,Expensive,Normal,Both,Moderate,4.2,https://lh3.googleusercontent.com/p/AF1QipOZu4tfYWYsw7Dyb3sfFsAhoppd36kvj_BbuzFy=s680-w680-h510,https://marriottbonvoyasia.com/restaurants-bars/Four-Points-by-Sheraton-Visakhapatnam-The-Eatery
Welcome Cafe Oceanic Restaurant,Diner,Expensive,Good,Both,Moderate,4.3,https://lh3.googleusercontent.com/p/AF1QipNrscyk0YUI5nXdsoyHrMaC18o5uBCWp4uiZnA6=s680-w680-h510,https://www.itchotels.com/in/en/restaurant-listing?hotel=fortuneparkpanchwati-kolkata
7th Phase,Indian,Medium,Normal,Non-vegetarian,Fast Food,4.3,https://b.zmtcdn.com/data/pictures/4/19984024/3676f41ea561216d5bf4a1f3e2daae60.jpg,https://www.zomato.com/visakhapatnam/7th-phase-kurmannapalem-vizag
Barbeque Nation,Diner,Medium,Good,Both,Moderate,4.4,https://im1.dineout.co.in/images/uploads/restaurant/sharpen/9/h/n/p95-16444959626205045ab0b43.jpg?w=400,https://www.barbequenation.com/
Flying Spaghetti Monster,Italian,Medium,Good,Vegetarian,Healthy,4,https://lh3.googleusercontent.com/p/AF1QipM_h3few_1ASLYgON88p79muK5lm41AF8C9YudT=s680-w680-h510,http://www.fsm.in/
Mekong Restaurant,Asian,Expensive,Aesthetic,Non-vegetarian,Fast Food,4.1,https://lh3.googleusercontent.com/p/AF1QipMwPGOij-CMDdN5Pjy9GrJpjDUWHtWLaF3uqzk=s680-w680-h510,https://www.zomato.com/visakhapatnam/mekong-hotel-greenpark-waltair-uplands-vizag
Dakshin Restaurant,South Indian,Cheap,Normal,Vegetarian,Healthy,3.9,"https://res.cloudinary.com/simplotel/image/upload/w_5000,h_3333/x_0,y_260,w_5000,h_2813,r_0,c_crop,q_80,fl_progressive/w_600,f_auto,c_fit/hotel-daspalla-visakhapatnam/DAKSHIN_restaurant_at_Hotel_Daspalla_Visakhapatnam_2",https://www.zomato.com/visakhapatnam/dakshin-jagadamba-junction-vizag/menu
Upland Bistro,Mexican,Expensive,Good,Both,Moderate,4.3,https://content3.jdmagicbox.com/comp/visakhapatnam/k1/0891px891.x891.170301062156.e5k1/catalogue/upland-bistro-waltair-uplands-visakhapatnam-restaurants-5cgcqm0545.jpg?clr=,https://www.uplandbistro.com/
The Spicy Venu Restaurant,Indian,Cheap,Normal,Vegetarian,Healthy,4,https://lh3.googleusercontent.com/p/AF1QipP90zs7JdAQD5YP6Gzq0JXTMvv4wMQ82WwFvJoR=s680-w680-h510,https://www.spicyvenue.com/shop/35sry1esnx
Ming Garden,Chinese,Expensive,Normal,Non-vegetarian,Fast Food,4.2,https://lh3.googleusercontent.com/p/AF1QipPbdhe4KnRuzQ_27aIyhpyqUoa5ga21VA20-Wdg=s680-w680-h510,https://www.zomato.com/visakhapatnam/ming-garden-the-gateway-hotel-maharani-peta-vizag
Platform 65,Diner,Medium,Good,Both,Moderate,4.4,https://lh3.googleusercontent.com/p/AF1QipOjeRxmOQSSVnLETYL0OpsVoa2EeDESVu2iN6HF=s680-w680-h510,https://vizag.platform65.in/
Horizon Restaurant,South Indian,Cheap,Good,Both,Healthy,4.1,https://lh3.googleusercontent.com/p/AF1QipPgh0X9cHEuCihH3CZOeIwnJOyd-F9L5xVeoYxY=s680-w680-h510,https://www.zomato.com/visakhapatnam/horizon-multi-cuisine-restaurant-allipuram-vizag/menu
Celebrations Restaurant,Indian,Cheap,Normal,Vegetarian,Healthy,4,https://lh3.googleusercontent.com/p/AF1QipNe39_W7m_oCyTLrS6rA-5f2qwYxkgOQl2MMKK_=s680-w680-h510,https://www.zomato.com/visakhapatnam/celebrations-restaurant-akkayyapalem-vizag
INBOX Multi Cuisine Restaurant,Indian,Cheap,Normal,Non-vegetarian,Healthy,3.9,https://lh3.googleusercontent.com/p/AF1QipNiSJaIJLlc1ufwqZZXPBrQ2G3tefDUmYuzyUE_=s680-w680-h510,https://www.zomato.com/visakhapatnam/inbox-multi-cuisine-restaurant-gajuwaka-vizag
Barkaas,Arab,Expensive,Aesthetic,Non-vegetarian,Fast Food,4.2,https://lh3.googleusercontent.com/p/AF1QipOhTnXKZCVJ4gxDNHmxQIBlBY9RzP9ryndVulC-=s680-w680-h510,https://www.zomato.com/visakhapatnam/barkaas-arabic-restaurant-dwaraka-nagar-vizag
Aqua,Bakery,Cheap,Normal,Both,Moderate,4.1,https://lh3.googleusercontent.com/p/AF1QipM8Mz54Es2CTDpYGlrvIpQSfJ4msFQc_Ioy4nIe=s680-w680-h510,https://www.zomato.com/visakhapatnam/aqua-the-park-lawsons-bay
My Restaurant,Indian,Cheap,Normal,Vegetarian,Healthy,4,https://lh3.googleusercontent.com/p/AF1QipP9Ih0D1BOYrCy9XMzmOjkLp5GEXg4WAK2Uv-Cw=s680-w680-h510,https://www.zomato.com/visakhapatnam/my-restaurant-maddilapalem-vizag
Kanhaji Restaurant,Grill,Medium,Normal,Non-vegetarian,Healthy,4.2,https://lh3.googleusercontent.com/p/AF1QipMmAy1UqfsI4n8AizVd_FAeivKn-rqqdibjjR6Q=s680-w680-h510,https://www.zomato.com/visakhapatnam/kanhaji-family-restaurant-allipuram-vizag
Arabian Restaurant,Arab,Expensive,Aesthetic,Non-vegetarian,Fast Food,4,https://lh3.googleusercontent.com/p/AF1QipOVTohZ3N1l0YG3pEd9r9bxOe2imrXLmXNfSfsu=s680-w680-h510,https://www.zomato.com/visakhapatnam/the-arabian-restaurant-marripalem-vizag
The Square,Mexican,Medium,Aesthetic,Both,Moderate,4.4,https://lh3.googleusercontent.com/p/AF1QipN_sftrW_F3Gj9a7hZaVS9Xg4z2OgkTCdaQcBwe=s680-w680-h510,https://www.zomato.com/visakhapatnam/the-square-hotel-novotel-maharani-peta-vizag
District 12 Resto Café,Cafe,Cheap,Good,Both,Healthy,4.3,https://lh3.googleusercontent.com/p/AF1QipPzYC08ebApmm98FDFbO66o2z44EsKf3r9b4uL5=s680-w680-h510,https://www.zomato.com/visakhapatnam/district-12-siripuram-vizag
Uma Parlour,Indian,Cheap,Normal,Vegetarian,Healthy,4,https://lh3.googleusercontent.com/p/AF1QipOv2pchnxeXFLLoxh6LDoaM8SzTXaSDcXyDin3a=s2732-w2732-h1286-rw,https://www.zomato.com/visakhapatnam/uma-parlour-gajuwaka-vizag
Sam's Griddle,Grill,Medium,Normal,Both,Moderate,4.2,https://lh3.googleusercontent.com/p/AF1QipOiZAzwUXRCu4zGYDA2M3RfEajBJ42i3VaQ8bZC=s680-w680-h510,https://samsgriddle.com/
BRUNCH & SUPPER,Chinese,Cheap,Good,Both,Fast Food,3.8,https://lh3.googleusercontent.com/p/AF1QipOUzm9WgqqfF3-gRtCxXBwZ4vzET73f_eAHcRSW=s1360-w1360-h1020,https://www.zomato.com/visakhapatnam/brunch-supper-gajuwaka-vizag
Waltair Kitchen,Indian,Cheap,Normal,Vegetarian,Healthy,4,https://lh3.googleusercontent.com/p/AF1QipP5ZOLJKei80OhNvnVrnLLd1m3oF9Ue2X7l8hay=s1360-w1360-h1020,https://www.zomato.com/visakhapatnam/waltair-kitchen-pl-grand-waltair-uplands-vizag
Maong's Restaurant,Chinese,Medium,Good,Non-vegetarian,Fast Food,3.9,https://lh3.googleusercontent.com/p/AF1QipPJptuh7xpqdG7Vr7hKiwGemhCF3XzvtKXTN_10=s1360-w1360-h1020,https://maongs-chinese-delights.business.site/?utm_source=gmb&utm_medium=referral
Dolphin Restaurant,Indian,Cheap,Normal,Vegetarian,Healthy,3.7,"https://res.cloudinary.com/simplotel/image/upload/x_285,y_526,w_3744,h_2112,r_0,c_crop,q_80,fl_progressive/w_1237,f_auto,c_fit/dolphin-hotel/Cascades_1",https://www.dolphinhotelsvizag.com/dining.html
Eaters Stop,South Indian,Medium,Normal,Both,Moderate,4,https://lh3.googleusercontent.com/p/AF1QipNL7-G2w9M1YikwZ5_Hbb0p0N-qlRE-arWw_Xrw=s1360-w1360-h1020,https://www.zomato.com/visakhapatnam/eaters-stop-1-nad-junction-vizag
V Nawabi Darbar,Nawab,Expensive,Aesthetic,Non-vegetarian,Healthy,4.2,https://lh3.googleusercontent.com/p/AF1QipOuG6sPuHZIUkBIVFp_c2R7mjhgiBwj6IkFjG_f=s1360-w1360-h1020,https://www.zomato.com/visakhapatnam/v-nawabi-darbar-akkayyapalem-vizag
Royal Foodies,Indian,Cheap,Normal,Both,Moderate,4,https://lh3.googleusercontent.com/p/AF1QipMO-ctucnkO92mQwGIitlU6CQL0XSwFLx09QRA=s1360-w1360-h1020,https://www.zomato.com/visakhapatnam/royal-foodies-gajuwaka-vizag
Fusion Foods,Seafood,Expensive,Good,Non-vegetarian,Fast Food,4.2,https://lh3.googleusercontent.com/p/AF1QipM7Qq2pL2-wHzyK_EcP7YAVYXmJPCeEkvccZEf3=s1360-w1360-h1020,https://www.fusionfoods.net/
MandiCroods,Arab,Medium,Aesthetic,Non-vegetarian,Fast Food,4.1,https://lh3.googleusercontent.com/p/AF1QipP8KagURCQnN8J3ELkogUX-zypqpL5cg1ekgP8A=w1080-h608-p-no-v0,https://mandi-croods-restaurant.business.site/
WILD & MILD BBQ,Grill,Medium,Good,Non-vegetarian,Moderate,4,https://lh3.googleusercontent.com/p/AF1QipP5qCxt0uD_3CLaRpiwady-HIbJ5VrVCNzWCGHV=s1360-w1360-h1020,https://wild-and-mild-bbq-grills.business.site/?utm_source=gmb&utm_medium=referral
Raju's Kitchen,Indian,Cheap,Good,Both,Healthy,4,https://lh3.googleusercontent.com/p/AF1QipOLtsJkWsQulLVMufwuijC51X4hTL5n-a1aoqA=s1360-w1360-h1020,https://www.zomato.com/visakhapatnam/rajus-kitchen-seethammadhara-vizag
SVN Food House,Diner,Cheap,Normal,Both,Moderate,3.9,https://lh3.googleusercontent.com/p/AF1QipPvSMvvxmafV44ydKABKUyBx_DyGchjt2d9-O6F=s1360-w1360-h1020,https://www.zomato.com/visakhapatnam/svn-food-house-gajuwaka-vizag
Taj Hyderabadi,Biryani,Medium,Normal,Non-vegetarian,Fast Food,4,https://lh3.googleusercontent.com/p/AF1QipMhJN4Y2dI7RIky_JBdfL20gG82fsDSPyl-LiOx=s1360-w1360-h1020,https://www.zomato.com/visakhapatnam/taj-hyderabadi-biryani-gajuwaka-vizag
Gad,Italian,Expensive,Aesthetic,Both,Moderate,4,https://lh3.googleusercontent.com/p/AF1QipMxqghi1heiJnJ2lx9kZDJqmEKmrbz2oZHVpfj7=s1360-w1360-h1020,https://www.zomato.com/visakhapatnam/gad-the-gateway-hotel-maharani-peta/photos
Sizzlly Chicken,Indian,Medium,Good,Non-vegetarian,Moderate,4.5,https://lh3.googleusercontent.com/p/AF1QipOvZq7ZYIbP0hHCw8GEHdcD-3A_AITTcmpRliV3=s1360-w1360-h1020,https://www.sizzllychicken.com/
Millet Zone,Tiffin,Cheap,Normal,Vegetarian,Healthy,4.4,https://lh3.googleusercontent.com/p/AF1QipP1qhkJh_wcjC7VJGmIiJMqn86L_vF2bTxngnjt=s1360-w1360-h1020,https://www.swiggy.com/restaurants/millet-zone-vuda-colony-gajuwaka-vizag-707855?utm_source=GooglePlaceOrder&utm_campaign=GoogleMap&is_retargeting=true&media_source=GooglePlaceOrder
7 To 9 Foods,Asian,Medium,Good,Both,Moderate,4.1,https://lh3.googleusercontent.com/p/AF1QipPPXHnaTNSI7Yx8KDJYCYmfw6eEUFMqXbZn-56i=s1360-w1360-h1020,https://www.swiggy.com/restaurants/7-to-9-foods-waltair-road-chinna-waltair-vizag-436441
Mom's Magic,Bakery,Medium,Aesthetic,Both,Fast Food,4.2,https://lh3.googleusercontent.com/p/AF1QipP0srBb6hfXqcYjdM_XPYtDBfpAn2wq8_JUyCT6=s1360-w1360-h1020,https://www.zomato.com/visakhapatnam/moms-mazic-gajuwaka-vizag
Mindis Restaurant,Indian,Medium,Normal,Vegetarian,Healthy,4.6,https://lh3.googleusercontent.com/p/AF1QipP97nuRqG3z0RaON6Q0WXK6ikZUKkXwFegwGxxz=s1360-w1360-h1020,https://www.zomato.com/visakhapatnam/mindis-restaurant-sagar-nagar-vizag
Bcafe,Cafe,Cheap,Good,Vegetarian,Moderate,4,https://lh3.googleusercontent.com/p/AF1QipMHNvHBDyh3bxV7rp6VJcv2_v0sILV_FXmq9MkT=s1360-w1360-h1020,https://www.bcafe.co.in/service-details.php
Zaffran,Indian,Expensive,Aesthetic,Both,Fast Food,4,https://lh3.googleusercontent.com/p/AF1QipOwZXcN1jp8sgrU_sYKhmJwurP5ZUtYFfKPphKi=s1360-w1360-h1020,https://www.zomato.com/visakhapatnam/zaffran-hotel-novotel-maharani-peta-vizag
Indo-Arabic Restaurant,Arab,Expensive,Aesthetic,Non-vegetarian,Moderate,4.1,https://lh3.googleusercontent.com/p/AF1QipMbJFjyrugvZLjzqkVE7p4BsF5DO7wUivKIC1er=s1360-w1360-h1020,https://www.zomato.com/visakhapatnam/barkaas-indo-arabic-restaurant-gajuwaka-vizag
Choose Your Fry,South Indian,Cheap,Normal,Both,Healthy,4,https://lh3.googleusercontent.com/p/AF1QipP6Hqni-Hw5MNND5whMZEGQ2p08ton8Z5H1oQlk=s1360-w1360-h1020,https://magicpin.in/Visakhapatnam/Gajuwaka/Restaurant/Choose-Your-Fry/store/cc068b/
KFC,American,Expensive,Good,Non-vegetarian,Healthy,4.1,https://b.zmtcdn.com/data/pictures/chains/1/931/9410759d611db9c62c3acc23c1f27e06.jpg,https://online.kfc.co.in/
4 Seasons Bakery,Bakery,Medium,Normal,Vegetarian,Healthy,3.7,"https://b.zmtcdn.com/data/pictures/0/2800030/2a6b47c1df2022d5e3ffdecf724f781c.jpg?fit=around|750:500&crop=750:500;*,*",https://www.zomato.com/visakhapatnam/4-seasons-bakery-restaurant-gajuwaka-vizag
KUNG FU CHOP,Chinese,Medium,Aesthetic,Both,Moderate,4,https://lh3.googleusercontent.com/p/AF1QipOR-7J31GMopig0xzpAJYqOaSJaDmta1ejlyP3n=s680-w680-h510,https://www.zomato.com/visakhapatnam/kung-fu-chop-maddilapalem-vizag
The Asian,Asian,Expensive,Good,Non-vegetarian,Fast Food,4.1,https://lh3.googleusercontent.com/p/AF1QipOSwsw7yaatKPmaB-txczFZjbrGBlNgIRkMY7xe=s680-w680-h510,https://www.zomato.com/visakhapatnam/the-asian-mvp-colony-vizag
